-- phpMyAdmin SQL Dump
-- version 5.2.1
-- https://www.phpmyadmin.net/
--
-- Host: localhost
-- Generation Time: Oct 08, 2023 at 03:54 PM
-- Server version: 10.4.28-MariaDB
-- PHP Version: 8.2.4

SET SQL_MODE = "NO_AUTO_VALUE_ON_ZERO";
START TRANSACTION;
SET time_zone = "+00:00";


/*!40101 SET @OLD_CHARACTER_SET_CLIENT=@@CHARACTER_SET_CLIENT */;
/*!40101 SET @OLD_CHARACTER_SET_RESULTS=@@CHARACTER_SET_RESULTS */;
/*!40101 SET @OLD_COLLATION_CONNECTION=@@COLLATION_CONNECTION */;
/*!40101 SET NAMES utf8mb4 */;

--
-- Database: `vuln_db`
--

-- --------------------------------------------------------

--
-- Table structure for table `admin`
--

CREATE TABLE `admin` (
  `aid` int(11) NOT NULL,
  `ausername` varchar(50) NOT NULL,
  `apassword` varchar(50) NOT NULL,
  `atimestamp` datetime DEFAULT current_timestamp()
) ENGINE=InnoDB DEFAULT CHARSET=utf8mb4 COLLATE=utf8mb4_general_ci;

--
-- Dumping data for table `admin`
--

INSERT INTO `admin` (`aid`, `ausername`, `apassword`, `atimestamp`) VALUES
(1, 'godzer0', '5d41402abc4b2a76b9719d911017c592', '2023-08-02 17:54:38');

-- --------------------------------------------------------

--
-- Table structure for table `company`
--

CREATE TABLE `company` (
  `id` int(11) NOT NULL,
  `cname` varchar(255) NOT NULL,
  `cusername` varchar(50) NOT NULL,
  `cpassword` varchar(50) NOT NULL,
  `cemail` varchar(50) NOT NULL,
  `ccontact` varchar(50) NOT NULL,
  `caddress` varchar(255) NOT NULL,
  `cwebsite` varchar(255) NOT NULL,
  `cindustry` varchar(255) NOT NULL,
  `cdescription` text NOT NULL,
  `clogo` text NOT NULL,
  `crangeofreward` varchar(50) NOT NULL,
  `capilinks` text NOT NULL,
  `celigibility` text NOT NULL,
  `coutofscope` text NOT NULL,
  `ctandc` text NOT NULL,
  `ctimestamp` datetime DEFAULT current_timestamp()
) ENGINE=InnoDB DEFAULT CHARSET=utf8mb4 COLLATE=utf8mb4_general_ci;

--
-- Dumping data for table `company`
--

INSERT INTO `company` (`id`, `cname`, `cusername`, `cpassword`, `cemail`, `ccontact`, `caddress`, `cwebsite`, `cindustry`, `cdescription`, `clogo`, `crangeofreward`, `capilinks`, `celigibility`, `coutofscope`, `ctandc`, `ctimestamp`) VALUES
(1, 'NCIT', 'ncit', 'f55f8dcecc24b3bedaeddea9a799c9cd', 'help@ncit.edu.np', '9876543210', 'Balkumari, Kathmandu', 'www.ncit.edu.np', 'Education', 'Nepal College of Information  Technology – NCIT, established in 2001, runs Pokhara University-affiliated Bachelor’s and Master’s programs – BE, BBA, BCA, ME, MSc & MCIS. Our  Engineering Degrees are approved by  the Nepal Engineering Council. It has  produced over a thousand engineers  since its establishment.\n\n \n\nNCIT, a pioneer private institution  providing engineering education in  Nepal, is renowned for  excellence in  teaching & research, while maintaining  close and mutually beneficial links  with various sectors. The College  provides excellent higher education  opportunities and nurtures individual  talent using an applicable knowledge  base that fully supports ongoing social  changes and economic advances.\n\nThe institution is committed to providing quality education  in various engineering disciplines keeping in mind  emerging professional needs. Our highly qualified and  experienced faculty is fully dedicated to their teaching. We  have a state-of-the-art infrastructure to foster academic  excellence. Moreover, we provide vital non-credit inputs  including research & project work, supplementing the  regular courses to meet the diverse learning needs of its  students and improve their employability.\n\nThe College is also an authorized training partner of  CISCO, Red Hat, and Microsoft. It provides related- training and conducts preparatory examinations leading to internationally recognized certifications from these  renowned institutions. NCIT has MOUs with the Microsoft  Innovation Center and many reputed multinational and  local companies for internships and training programmers.\n\nNCIT envisions an institutional role for itself beyond  academic boundaries. It takes the aspirations and future  success of its students as pathway to nation building.', 'https://ncit.edu.np/images/logo.png', '0-10000', '', 'First reports are only paid for each bug, Only bugs that cause harm to system are paid', 'Informational bugs, Bugs outside of NCIT\'s website', 'Resesarchers cannot harm the internal system', '2023-08-04 12:29:13'),
(2, 'Ncell', 'ncell', '72184c7d8c2ac0cbb675496f6f361296', 'Ncell@gamil.com', '9849354335', 'talcikhel,lalitpur', 'ncell.com', 'telecom', 'Nepal College of Information  Technology – NCIT, established in 2001, runs Pokhara University-affiliated Bachelor’s and Master’s programs – BE, BBA, BCA, ME, MSc & MCIS. Our  Engineering Degrees are approved by  the Nepal Engineering Council. It has  produced over a thousand engineers  since its establishment.\n\n \n\nNCIT, a pioneer private institution  providing engineering education in  Nepal, is renowned for  excellence in  teaching & research, while maintaining  close and mutually beneficial links  with various sectors. The College  provides excellent higher education  opportunities and nurtures individual  talent using an applicable knowledge  base that fully supports ongoing social  changes and economic advances.\n\nThe institution is committed to providing quality education  in various engineering disciplines keeping in mind  emerging professional needs. Our highly qualified and  experienced faculty is fully dedicated to their teaching. We  have a state-of-the-art infrastructure to foster academic  excellence. Moreover, we provide vital non-credit inputs  including research & project work, supplementing the  regular courses to meet the diverse learning needs of its  students and improve their employability.\n\nThe College is also an authorized training partner of  CISCO, Red Hat, and Microsoft. It provides related- training and conducts preparatory examinations leading to internationally recognized certifications from these  renowned institutions. NCIT has MOUs with the Microsoft  Innovation Center and many reputed multinational and  local companies for internships and training programmers.\n\nNCIT envisions an institutional role for itself beyond  academic boundaries. It takes the aspirations and future  success of its students as pathway to nation building.', 'https://assets-cdn.kathmandupost.com/uploads/source/news/2023/third-party/ncell-1686383749.jpg', '1000-5000', '', 'first come first serve', 'repeated bugs,bugs outside of ncell links', 'user should not harm the internal system', '2023-08-04 13:35:37'),
(3, 'Chaudhary group', 'cg', '9d62f56d7541848c302618f40b563cb1', 'cg@gmail.com', '9867543212', 'Kathmandu,Nepal', 'cg.com', 'food', 'Nepal College of Information  Technology – NCIT, established in 2001, runs Pokhara University-affiliated Bachelor’s and Master’s programs – BE, BBA, BCA, ME, MSc & MCIS. Our  Engineering Degrees are approved by  the Nepal Engineering Council. It has  produced over a thousand engineers  since its establishment.\n\n \n\nNCIT, a pioneer private institution  providing engineering education in  Nepal, is renowned for  excellence in  teaching & research, while maintaining  close and mutually beneficial links  with various sectors. The College  provides excellent higher education  opportunities and nurtures individual  talent using an applicable knowledge  base that fully supports ongoing social  changes and economic advances.\n\nThe institution is committed to providing quality education  in various engineering disciplines keeping in mind  emerging professional needs. Our highly qualified and  experienced faculty is fully dedicated to their teaching. We  have a state-of-the-art infrastructure to foster academic  excellence. Moreover, we provide vital non-credit inputs  including research & project work, supplementing the  regular courses to meet the diverse learning needs of its  students and improve their employability.\n\nThe College is also an authorized training partner of  CISCO, Red Hat, and Microsoft. It provides related- training and conducts preparatory examinations leading to internationally recognized certifications from these  renowned institutions. NCIT has MOUs with the Microsoft  Innovation Center and many reputed multinational and  local companies for internships and training programmers.\n\nNCIT envisions an institutional role for itself beyond  academic boundaries. It takes the aspirations and future  success of its students as pathway to nation building.', 'https://upload.wikimedia.org/wikipedia/commons/thumb/a/a4/Chaudhry_Group_Logo.svg/1200px-Chaudhry_Group_Logo.svg.png', '500-4000', '', 'first come first serve', 'bugs repeated , outside of valid website', 'user should not harm internal system', '2023-08-04 13:41:48'),
(4, 'Solti', 'solti', '2b783b6eb2d2b816b47b64bab2bae532', 'solti@gmail.com', '9812345678', 'texas,United State', 'solti.com', 'eyewear', 'Nepal College of Information  Technology – NCIT, established in 2001, runs Pokhara University-affiliated Bachelor’s and Master’s programs – BE, BBA, BCA, ME, MSc & MCIS. Our  Engineering Degrees are approved by  the Nepal Engineering Council. It has  produced over a thousand engineers  since its establishment.\n\n \n\nNCIT, a pioneer private institution  providing engineering education in  Nepal, is renowned for  excellence in  teaching & research, while maintaining  close and mutually beneficial links  with various sectors. The College  provides excellent higher education  opportunities and nurtures individual  talent using an applicable knowledge  base that fully supports ongoing social  changes and economic advances.\n\nThe institution is committed to providing quality education  in various engineering disciplines keeping in mind  emerging professional needs. Our highly qualified and  experienced faculty is fully dedicated to their teaching. We  have a state-of-the-art infrastructure to foster academic  excellence. Moreover, we provide vital non-credit inputs  including research & project work, supplementing the  regular courses to meet the diverse learning needs of its  students and improve their employability.\n\nThe College is also an authorized training partner of  CISCO, Red Hat, and Microsoft. It provides related- training and conducts preparatory examinations leading to internationally recognized certifications from these  renowned institutions. NCIT has MOUs with the Microsoft  Innovation Center and many reputed multinational and  local companies for internships and training programmers.\n\nNCIT envisions an institutional role for itself beyond  academic boundaries. It takes the aspirations and future  success of its students as pathway to nation building.', 'data:image/png;base64,iVBORw0KGgoAAAANSUhEUgAAAOEAAADhCAMAAAAJbSJIAAAAw1BMVEUAAAD////tHCT2HSUbGxvyHSW0FRv3HSaAgIDf399ubm6oFBnwHCU3Nzf7+/uSkpJDQ0OYEhfGxsYzBgjRGSDs7Oybm5vnGyNlDA9CCAp3DhLFFx4yMjK9Fh1jY2OBDxTdGiFaWlpUCg2gExitra2PERY8BwlvDRHMGB80BghOCQwjBAVcCw7tABLuLDMMAQK7u7sqBQYZAwQSEhIeAwUlBAYAGxp3d3elAACyAAAmJiarKCy3JytPT08ZGRlbW1vT09OGWjn4AAALgUlEQVR4nO2cC3faOBbHFatCba0+KKQGXAYv1LzCLk2aTne7OzP5/p9q75UlWTZgTGJikdH/nCanRoB+6Oq+LEKIl5eXl5eXl5eXl5eXl5eXl5eXl5eXl5fX31aD9KbtKZxTg05AKe2nq7YnchZtR2NBRQASjCazddvzaVhbMuGUBUaC8QQuvhTN035CBjQoSPTJSHQGbc+tAa1nCWWCkm2JkM1ICNfFeNT2DJ+kTRgBHvDQDUlEgZAuSB+vMMriSa/tiT5OQ0LGXGGxLumUCG+J3peMTsl23vZ0TxU4Tp4S0lG2KWIyYQXCiEz1Y2JO7hOedIdtT7q27icxQ8fJQ0JCKhloQNaFjQjIKZVXRNAjQ/iJ7jXctD33GgLHSakySLqUiKxDUjEkBSsFs13G0x9UAi7UEyBQRp2B40HkdsyttWLJPQl5hA/0SN82U74h6F5SDoDwI19bHrnsXJfjKfzsRtQslwjWpLMga7S+daxjvqBRiuMn8JSV2avS58Q4Mk1cjZMR431cgVGifSjALOBCwvv46zbEvI2Z/3D83TeAjIWwrvOQUTppleOwIiQKZlA8bGKu10vAqlKzbGlEx5iSTrMFhce4WdcuXB8s8YkuE0pTQ2NdhUIywjrNs1WiconID/g36mcfABuTLBNgVC5+qgzcccIgUMaK84WokOUuapsB+9baqHxA1lxdn4fCOGHXCTObu8e1oncQ9yznSvshs31qhPEE13awtGqPCyDMjBU23C3pFXMZUUzeIFaSO/Se1L5+GYRorOj1+0WksiAwkg6jpaT1QghhpisyoeWLRYkICcvPc5awtFwsJTfVK4g04e5H4yxhnEQUxVi22+iQjMvLsyveIzEOF4Ixhk8XSbJoG6VCt9PFpBvG/UhQytckrkE4JEsOGzFZdmbpaDB3PPO2tJ1vbsgoOrIPGR/fken6tu3Z1tJ0Oe50ZrNumk4Wg810Pb/Hq5MqRggpWNzf9ebTzWYxmqTd7izsjOOwZZQDGnDYgIyp3USllaIOMio+glZK1Q5m8jX6bXIcVrlhGABhVgbtZdR8mx5ZlnaruBBCbNTEbCa32A6j5lv0+Zz0klLicxGEgsH6pSzg3ezRAqOxTwLJeQLlVkwvjpBFK0LGcEUYrzExgZ1pPnKPIwKoLGb8sggFX0K4yDozrK/jt8nOoOKQ+hFmKQ/mMCOrtnCdEGJ9DFDzwLRlkiwLywnl3px3DBQ2HnszUze6TchokspAaPXxVQ+jQLiOrYKCZ8u86WRFsMOEjEahbF2n0YL07H3JO0XCHrfcJ1aJfdm/ISOohIWzhJyNZfzL+hHbQuUkyoT2Ywl4Gqp6H+S2m3BHCaeym6baZYEAXxOLWoR0TaY8MI06eKVuqyDVSo27oCnZ1lpD2s1Ly6xR566GHcYs97EFwz1EeGsIcdOFVt+bJ67Wv2TeL7RbOE7UQCGHTTjKW91omPb9UzBWR610YKclMltbW1MHd5ITbidmLB2R3pbcFzogzvpSOzpQsMoN35j7oIhoHI+Y5VfBIfXh3/zSCFkMu5LCz7mVylmeNR84JmtOx8T6KC6CEEvYH1BejAFzB08NMYQwhM6gjsqN3H1CDOEYAMCBqqUR/ZhabhZv9qr7vjFZ0ayWzPem84Qiust63UCobt8DM+YqcuEExdxnQW1CmZl26cUQ9kjWRgTCjbpIsUm4DgPKaF/GuzAzU/A0WfCnU+vohuOEkISpubIwv6jC+KKrGocqjADMjVrNFdHtVccJ6cDYm0UY0KV95jIVeSmoCaVtM/cJMZXRPgMIF7n7oaafsUnsnE0RBiwhammdJsRUxiQ3bGZlZxggpKnextyKjAnJj38B2B0mNy4T4jqtTW1bIszq4Lld+yLh1vwfI3/PbUKc4m2esQDhpJCsYjG/KlwRkUWYfUDUWcIhxWNeWyuHZtbhPfl/ilV8YudnATheK93ByD+guNROqgfJKLHb1/K4kOmECh5nB0knwuy8CGOHXTpx+AwmjhZPmQq3IOg9ybMxGmETZ4vHuradrJJkyZb0JsWjp9Tx84kbbpeyCRliJ3SAZ72oXJhJwMdY8a7RVGmMXdVx0RvhRae1sqwUkrYRReezDniM5rjGQ2yCaVYsIQVEwZVFyJ220EydvHyfYPZJwTHOcUNq29T2Klv5MmPNb2gEjttoponpts1lhYGnTAkmamZ1hUrh5MlS2Hj6PAPt37U79boaRmrGhKiQQOyllYvFewoQQ0qajeeztmdeX2N5vDvWFb7Aa51CGMTef1cfUJRFJAtcPTe7Vym6z1R7yYhsRvlRUkxkwO/M1PF9zEylhd63PenTBJYKNW2oi6GBbFPoIgIz7KRvyi2MotzR4xdVirk+tgfmuqAyMGZfoJFhEDBVhwNczYxelIVqjXTGCWXiKMvK8YsViLphAozzh6qTUzK9uK/MKA2znQchHr2lbDFGGNLl9ozMBzBue56P192Sqsgv3SZLbsidcTlCnUkUzOVzekclGzawyWYsDxIh1yEkywcu9JtrWhvAokPTO2Qbc3SGbfEOqrOlYH1tlxQyT1MgMZOZ0x8kpMzl7wDV1gzCRn6S1lRXkLXOokv1oSVtCnf0DeGa1LyhvR3u13lnfaKWu4S87g37u0gfziyKO1Urd3kZkEU1fehNsvvpqJdYnnfSp2lQuoHI64b5m/I3AGxEp7qO94UmIk1rPm1VAegaoo700kLreolVUAWo7nW4o4W6C3xCO+3gHtSibmUMt2ip9S2U1CAUbhFit4ZFp/xZE+sEZ1HOEpLRaUHMELJ+QSb3c4/wRGlCVrZsnSS9GEJaNu2QvTTCcornCS9GnvAFELIs/O2UWi+GsBNnWpYT2RdDeFCakL1Ywn//U+k/zb7ux6uT9Vv1K355f/pL7tPX1gCPIDYF2BDhowArERsDbIbwkYAViM0BNkL45fFvfwCxQcAmCN89ZTr/ODdgA4RPWEHUHsRGAZ9O+ETAPYjNAj6Z8I+nT6G0Fx/ttg7o2xMJf/169VT9avQVf//vv5T+97u88P2JhO4ppFnR0Uy/9F2lzLDefq3MWbVX+ilfTn/r8ho1WVv8OuIS9LjZ/ntglAt9G/SzfspD7Tc37/3X+QiPAWrC2c79M9O0DRTiB/2UT7Xf/Vo/peyLmyM8CqgJC3+8cz+ik4THATPCd3UQXSSsASgJv179UQPRQcJaeYcEvDqKODyN8Ms3KTOBMxF+3ou0Syh/VyPi92BPINwxnpYJ3x9HxAP69Ql3CxknCBFxyYq3+dijCN/tvsv5okUt6U/8j51HzOHuUwj3ZeWOEF692nlI3+c7gXBvIXMmwg/XSkdqE0O4m3B2TifcuzfOvQ+PmNUzEJY3QNOEb6rHnZ/wc3lQ47602kzPRfj1tdLbnUHtRIumCassxxN6QqVaXeCLJqxVXFw2YR1EctmENRDJMxF+/6b1sVHC44jPRfjKvONvzRIevWVx+YTkz4+VegGEx/UiCf/8pEVeKuFL2od79WUv4budcbqN0UC0eF7C79d7Ca93b+Op9ptNuGeULUNYrJn+Ogeh6WLsyAqSNuHV+zdFmQ6jRXgNCe+bg8oJ35Lv9gNX5yA8ubbY1UeFmBNeV2cR5l3fWj39ologrHpYIRrCI4CG8DDgcxM+wLiH44h8kBEeA9SEFYDPTPggB76pGoKI8k+Sf6gBeJV5sbe2LytJeuJnI3xQI48gbuUfhfhQA1DerLuuAsyaYs9F+GCGViKqZufn9/VKFdCrg4DqaNAzET5YY6sQX2dDfv6qV26CPh0BfCbCh8Lgw4g/zZgaJ6HUyAPOy3SGQ3Xyo/a3bffr49tKlUa/PiDroMjPQ2Ny6aF73zE/OjYdKV3En87y8vLy8vLy8vLy8vLy8vLy8vLy8vLy8vLy8vLy8vLy8vLy8vLy8vLy8vLy8vL62+j/eLkEMBNL7nUAAAAASUVORK5CYII=', '5000-10000', '', 'first come first serve', 'bug repeated, outside of valid website', 'user should not harm internal system', '2023-08-04 13:47:36'),
(5, 'Surya Nepal', 'surya', '8c3a9f08696af482a53e1dd8db0ef40f', 'suryanepal@gmail.com', '9812342343', 'Kathmandu,Nepal', 'surya.com', 'toxic', 'Nepal College of Information  Technology – NCIT, established in 2001, runs Pokhara University-affiliated Bachelor’s and Master’s programs – BE, BBA, BCA, ME, MSc & MCIS. Our  Engineering Degrees are approved by  the Nepal Engineering Council. It has  produced over a thousand engineers  since its establishment.\n\n \n\nNCIT, a pioneer private institution  providing engineering education in  Nepal, is renowned for  excellence in  teaching & research, while maintaining  close and mutually beneficial links  with various sectors. The College  provides excellent higher education  opportunities and nurtures individual  talent using an applicable knowledge  base that fully supports ongoing social  changes and economic advances.\n\nThe institution is committed to providing quality education  in various engineering disciplines keeping in mind  emerging professional needs. Our highly qualified and  experienced faculty is fully dedicated to their teaching. We  have a state-of-the-art infrastructure to foster academic  excellence. Moreover, we provide vital non-credit inputs  including research & project work, supplementing the  regular courses to meet the diverse learning needs of its  students and improve their employability.\n\nThe College is also an authorized training partner of  CISCO, Red Hat, and Microsoft. It provides related- training and conducts preparatory examinations leading to internationally recognized certifications from these  renowned institutions. NCIT has MOUs with the Microsoft  Innovation Center and many reputed multinational and  local companies for internships and training programmers.\n\nNCIT envisions an institutional role for itself beyond  academic boundaries. It takes the aspirations and future  success of its students as pathway to nation building.', 'https://www.nepalyp.com/img/np/s/1652800420-97-surya-nepal-pvt-ltd.jpg', '100-200', '', 'first come first serve', 'bug repeated,bug outside the valid website', 'user should not harm the internal system', '2023-08-04 13:51:51'),
(6, 'oasis school', 'oasis', 'e46e79ee5e26fb1ed5995f2f45d7a5fb', 'oasis@gmail.com', '9876567645', 'sunakoti,lalitpur', 'oasis.com', 'Education', 'Nepal College of Information  Technology – NCIT, established in 2001, runs Pokhara University-affiliated Bachelor’s and Master’s programs – BE, BBA, BCA, ME, MSc & MCIS. Our  Engineering Degrees are approved by  the Nepal Engineering Council. It has  produced over a thousand engineers  since its establishment.\n\n \n\nNCIT, a pioneer private institution  providing engineering education in  Nepal, is renowned for  excellence in  teaching & research, while maintaining  close and mutually beneficial links  with various sectors. The College  provides excellent higher education  opportunities and nurtures individual  talent using an applicable knowledge  base that fully supports ongoing social  changes and economic advances.\n\nThe institution is committed to providing quality education  in various engineering disciplines keeping in mind  emerging professional needs. Our highly qualified and  experienced faculty is fully dedicated to their teaching. We  have a state-of-the-art infrastructure to foster academic  excellence. Moreover, we provide vital non-credit inputs  including research & project work, supplementing the  regular courses to meet the diverse learning needs of its  students and improve their employability.\n\nThe College is also an authorized training partner of  CISCO, Red Hat, and Microsoft. It provides related- training and conducts preparatory examinations leading to internationally recognized certifications from these  renowned institutions. NCIT has MOUs with the Microsoft  Innovation Center and many reputed multinational and  local companies for internships and training programmers.\n\nNCIT envisions an institutional role for itself beyond  academic boundaries. It takes the aspirations and future  success of its students as pathway to nation building.', 'https://scontent.fktm17-1.fna.fbcdn.net/v/t39.30808-6/292583687_698148351574192_530635307896905370_n.jpg?_nc_cat=100&ccb=1-7&_nc_sid=09cbfe&_nc_ohc=X0kIIaKRJEMAX8cyqrA&_nc_ht=scontent.fktm17-1.fna&oh=00_AfDioaD7sQR-C_9iQqnhhpfyIpnmrte9fgSlkUPatj01cg&oe=64D0CACF', '1000-5000', '', 'first come first serve', 'bugs repeated , outside the valid website', 'user should not harm the internal system', '2023-08-04 13:55:28'),
(7, 'united academy', 'united', '5f5df296759be6225072580d008fd283', 'united@gamil.com', '9867546754', 'kumaripati,lalitpur', 'united.com', 'Education', 'Nepal College of Information  Technology – NCIT, established in 2001, runs Pokhara University-affiliated Bachelor’s and Master’s programs – BE, BBA, BCA, ME, MSc & MCIS. Our  Engineering Degrees are approved by  the Nepal Engineering Council. It has  produced over a thousand engineers  since its establishment.\n\n \n\nNCIT, a pioneer private institution  providing engineering education in  Nepal, is renowned for  excellence in  teaching & research, while maintaining  close and mutually beneficial links  with various sectors. The College  provides excellent higher education  opportunities and nurtures individual  talent using an applicable knowledge  base that fully supports ongoing social  changes and economic advances.\n\nThe institution is committed to providing quality education  in various engineering disciplines keeping in mind  emerging professional needs. Our highly qualified and  experienced faculty is fully dedicated to their teaching. We  have a state-of-the-art infrastructure to foster academic  excellence. Moreover, we provide vital non-credit inputs  including research & project work, supplementing the  regular courses to meet the diverse learning needs of its  students and improve their employability.\n\nThe College is also an authorized training partner of  CISCO, Red Hat, and Microsoft. It provides related- training and conducts preparatory examinations leading to internationally recognized certifications from these  renowned institutions. NCIT has MOUs with the Microsoft  Innovation Center and many reputed multinational and  local companies for internships and training programmers.\n\nNCIT envisions an institutional role for itself beyond  academic boundaries. It takes the aspirations and future  success of its students as pathway to nation building.', 'https://www.collegenp.com/uploads/2018/03/United-Academy.jpg', '1000-5000', '', 'first come first serve', 'bugs repeated, outside of the valid website', 'user should not harm the internal system', '2023-08-04 13:59:02'),
(8, 'INFOSYS', 'infosys', '59cf378314ccee5cf64d39a8c0a50e25', 'godzer0199@gmail.com', '9867543212', 'tinkune,kathmandu', 'infosis.com', 'tech', 'Nepal College of Information  Technology – NCIT, established in 2001, runs Pokhara University-affiliated Bachelor’s and Master’s programs – BE, BBA, BCA, ME, MSc & MCIS. Our  Engineering Degrees are approved by  the Nepal Engineering Council. It has  produced over a thousand engineers  since its establishment.\n\n \n\nNCIT, a pioneer private institution  providing engineering education in  Nepal, is renowned for  excellence in  teaching & research, while maintaining  close and mutually beneficial links  with various sectors. The College  provides excellent higher education  opportunities and nurtures individual  talent using an applicable knowledge  base that fully supports ongoing social  changes and economic advances.\n\nThe institution is committed to providing quality education  in various engineering disciplines keeping in mind  emerging professional needs. Our highly qualified and  experienced faculty is fully dedicated to their teaching. We  have a state-of-the-art infrastructure to foster academic  excellence. Moreover, we provide vital non-credit inputs  including research & project work, supplementing the  regular courses to meet the diverse learning needs of its  students and improve their employability.\n\nThe College is also an authorized training partner of  CISCO, Red Hat, and Microsoft. It provides related- training and conducts preparatory examinations leading to internationally recognized certifications from these  renowned institutions. NCIT has MOUs with the Microsoft  Innovation Center and many reputed multinational and  local companies for internships and training programmers.\n\nNCIT envisions an institutional role for itself beyond  academic boundaries. It takes the aspirations and future  success of its students as pathway to nation building.', 'data:image/png;base64,iVBORw0KGgoAAAANSUhEUgAAAPYAAADNCAMAAAC8cX2UAAAAn1BMVEX///8AfMMAesIAd8EAdcAAc8BwrNmWx+XZ5vIAgMX5/v7P4/GHstoAcr8/kMxiodLn8/m20+m90+lGmM8Abr3b7fYAa72szecqiMj1+/3A3vCMtdvQ3+8ki8lbms/u9/t0tNzB1+uRxOMzkcyUu96jw+EAZ7tzp9UnhsdjntHl7vbZ6/W62e1VotRwsNqlyuZmqNY9mtGDud2u1exOlMxuEWfvAAALPklEQVR4nO2cbWOiOhOGIQlWRKQqFuiq1KorxbZ2e/z/v+1JMkEBA1Slj2d75vrSBZKQ27zNTMIaBoIgCIIgCIIgCIIgCIIgCIIgCIIgCIIgCIIgCIIgCIIgCIIgCIIgCIIgCPKNOOP9fD/uNqabjoDmlDX0FryEoSzn8ZpyriX+DJ8jI17PnqKGlB8uE/jPV7ys80JYhv3ivV5e1JV8vsVQI++9IWWHmgJ2d+mr7j2fEmJmEELJpUVdy+OsN0ke/IdnIw4beu+1soczJsVKQLh9YVFXswyMyWy4CGhq7Ob1Sa+UvZNamT3Y7wehSelNZe8jYxKmcfeBN/W+V5v0OtmPUqe1ehUvuR+u3316Q9m8hSfL37/pjk9og7g26XWyB6Ktk+Hhutfd0Bu2NpcddruhWE2+s7X7Ylz7xZn7n9C8pKg2CIfGJImMZd8wXvf1Sa+RnSY8J+2U74YXFNUKQ8+YmJEx9VNjvqhPeo3stWhsNr2oit9BNF6rf62WDUmvkU35yCaz7QU5v4l06Tn8z3TTMKFdJbtniT6+uaR+30UU8JV0Pxs22abXyP4UWWn/kup9I/G2qaUFV8je/Ctlf40vyY60nQZke3ULZBQ3drfbUJIdP0qcw/Ndv9/feN6m389NXfyq3/81kBZ40ulXsvHmIuc/dRW432Wp7+7PqHf0upKVuHOa02ooye5awqWgYMjHi8QmNINbY1nTPcAN8DxoHfIpMZeObsD10iC0jwUQ07bfnbSxf0TpbnbIJjItp2m9TfYV2aLnStnrgZvzKLmX5XpqjfbN8+BZl6OTVy86jJHiG0xque8NEoKPQjbRTJa7u1a2LIrLjjeMlGpvUhOMH//oZpoHrzPvfOqUl9bS+M0U6/6x1bKErLavd+fQzUghF20KK3xVthMyKN2yrKN+8iB117W2fVTKrHxmQvIRHAdEU2vZ/8XpL5kaNCb7rKnu9EEWR5nI1vdsC3LRp1ZkvzgJFZpduptOp8+mTw91F/3ckexlY9lB18mRhioh9ZPhVDDzVaMQ5h1V2zKz35mmcGMy7fsqWY1NP5W9ibprZyIuI2f69CB+15ZkJzNeFgv7h+mlk2QzGEuzex7ILk6lG/Xz27ko3ueAqYZ8UXdSmEKK/d6ZgW5auZjKtibEK9xc8dLbkS0mF+J+pLl03bGq+sHj6ulkv0AqyyvcTZ9cktcdj2XWsuX8CKlop2JSi0Ji6ly+jsuezpAs0MvmdTJLU2/cUX3QnMANnewOqGYnpttQdXQm67yQydiJup3qKhXxv7WM5WiiZFOzlSktG8MF4kTV/Bdca2SrarNye3AWahqkAb+QvZmeTl2xjNZUTWrxXDx1J5pHk3OD1BWyreA0adeFiqumPJUdwSzOtE5ZoIaPHamVwNW06ScsH0xb1dSV+c+1TLRUjO2xxlaK5Ijkz2BhPZW9hBV1rH/TSvXgpbGF+uu6MvQJqrU+nqi+j1yCXjbTNDZvMFYre2HKn8WvsJIjeEzMxZ0MrS9TTaKVfIXeiYfYtLZmZ6OXHWqrHtA62dFcPqZrXdZc2XTzTitlO/K3IUQTCnum1Q1yNvp1Wx+UGdZ2ckcOfRJW2pZRtqb/AWm6Tt6DNGx1xpNLqJCtrXu9bJiF6wyHIXRzZb9a2tgjLAbkdHGbKnM/OUNcNa3JjqFaft3L5nlHpWIbAYphw/L9lTKX3IZQ8NdoTTZM1OSt7mU7lpPNV0LdWgTyyEl4382y2ZcFFoq0JlsNvfq2KLpu7NQm4qszgWJLzX38xYg7un7pbkv2VlpexKyXPSu648TcnLyo19FOXWJ8HDy5j6vOXgjakj2FjLUBxWzlN82DD07NTnkdU28hhfvCJgjfs3zU9HSr3xm0K7tpswB8EP7rHAMX1F+VBqsyzAsLNB/x3AcZH9x+6pZznUdbsoMa8+qIks2Gb7nJjSVewUx4hkktv1JFfMC7jnLTs1zzK4Z4W7I/wERrsJhhBuDJeh/0qNuk/tv0qCGCOpDcoach/yXEete186dk/I/ppcrbkr0EPQ2bK7HyZv4YUfBQEE5ejr7jL+g5Oaed93sm3ZP0gZKKXDeRDc44a6oFLHNE7MNuvUJolrBZNlrBp8m5aI/8RgJXcZ/kfi5C2fKik3CtyYZimuqgZM/kRTAuBeJV7K43L01qfEI7zhpDzy/kclfn7Ka0LBsGLavd9zEKrc2JujM712kJTUD3nQpWq0wpH9E0F81IQ7vQ1c3zV7O2ZP8B2Q2HGaMXmAI+Dnce+3aur5MEugtYc66SOrRgQjNyuczcUkDMEwv+/yUbwkFNuxMTNfPloyfpmuX2RGxZuIo2qMgwnzessrD0083lMs8d4G3JXnxt3QY7q2y5P++PeyehWMO7JFe2w4tONP14nctFzuznN7HSrLLlHo8Om0bSGM9iCnJS69NDtLaUa8GyXNQ7byO9LdkOtM+g/lcfwVyl8x1X2fTMRHMHKu7GxXRnhNgVnThaZ2a6PmhRSVuyIzCz2el+7unb6EZnXAWhqopc+0GOy+WOrGzB0/E6UJGqWke/oiIt+Nv9r0T4VBBRf94lDVX54kJFLfZyQquLqNzvQUFtWOeE1mQ/wsOkboxBlNEkFc7TIwQhpQ+SwiwQ3sf8pl1XaAzj262VWaa9ECKMTbfOZPJUfLDq+S96kK16Dw0+aVO0FAIvt5J9VxEEO6J6Mas8cSFfoGRDmJX+2hOS1LvWW2kYu2c5Y+3JTsGBqKnjGjquXTnbb8Xvkm3rQ7TBNrV7nKcabjS21T5szfk8CA6atLrL3g9ysp8z89OVq1dNY8rxcKtObtyD8+lWTeYQWSBJ9RE9R57Uzgx2FWZVHsm22tzf3FS2sXDrJnPYQROL0baqvYey/pmbrTYE1FSwtau60UR4f7datwUQIaNzne5Xtd3B3YvJ777+OKzsrXb2bAomi4ovbGfuaXRZMnJN/W55Da3KjsFkYprZfAIjQJ7SmbhM+z2iXLePq1VPeqmZmb+dETbWTpeisbNKfZVWZRsxhPjYvNyaQ1AtzzJw2SaxdicNvk3khHZ8tTy5nUUSRfSRWOuTXD25v0zP3P9tV7bxqGJqg6J/vGbKhpOJJ6JVrX1pI3wls/o5O1ROVVl8AYKubFBa9CfybNSZI7t12YYDB9gIedtmIzxahGrpSuCU8gSmPjroxOrIdhQFA/kJBsv9FnJsH+ILKtZMyGB1WAqi+34Cht25YaW2ZRvxHqw14s52o+FwNFrZKqjP9qqHTtxsaXLd5SoYBe+2rwzrfCeRn1sdbJtttn9GmGs/ya+HP204HcmWZ++JtS7biN5dqlQxKj71hepS9z1rpG1u41N+C6zSM1oYGnKCO8QX7pfH6BkvOZfN7ZwfOi19yNx9EFeu/iTGUKZ1l0r2XFxa9HR27XpWPvQPor1ci3gJM8sQa1BcmMUJl0J8YZOcnnk2KZufHT/kOOqzdfVtQAxXC63FkRYfqi/edUvwyHOPXzcT3pm9YvihuzZFAqKGKyHMn2VVUMTSPh8U6rpmuVwin+V/6Kt6K6Ln/T6UXTzc759Pq9aLnsfiK+AkCQf7/ds/RjmJ9FvcUjApij94JvFJA7F5ueOb/t8AVWyD9Xod6A5LZkRbx9lqnQw4h6mNL8SPwW69e60r968FLLbKM24/FTmAk6sPa/xlyIAxfWlO+KOIZNTNrQ8m/Tym8gzyzb5/vxXSkbPqtxp+HjJM07Sx9OPoyU+t/tJvhS9nbcmR/SPtkRpkvKFmu+9n8ukKd8P/r5kqw0Dyr/KsEARBEARBEARBEARBEARBEARBEARBEARBEARBEARBEARBEARBEARBEARBEARBkP8u/wNkyby69mKoBgAAAABJRU5ErkJggg==', '5000-10000', '', 'first come first serve', 'bug repeated , outside of vaid website', 'user should not harm the internal system', '2023-08-04 14:02:15'),
(9, 'Nike', 'nike', '992cfe2a15c8e041d864fcea18713164', 'Nike@gmail.com', '0765463548382', 'minbhawan , Lalitpur', 'nike.com', 'footware and clothing', 'Nepal College of Information  Technology – NCIT, established in 2001, runs Pokhara University-affiliated Bachelor’s and Master’s programs – BE, BBA, BCA, ME, MSc & MCIS. Our  Engineering Degrees are approved by  the Nepal Engineering Council. It has  produced over a thousand engineers  since its establishment.\n\n \n\nNCIT, a pioneer private institution  providing engineering education in  Nepal, is renowned for  excellence in  teaching & research, while maintaining  close and mutually beneficial links  with various sectors. The College  provides excellent higher education  opportunities and nurtures individual  talent using an applicable knowledge  base that fully supports ongoing social  changes and economic advances.\n\nThe institution is committed to providing quality education  in various engineering disciplines keeping in mind  emerging professional needs. Our highly qualified and  experienced faculty is fully dedicated to their teaching. We  have a state-of-the-art infrastructure to foster academic  excellence. Moreover, we provide vital non-credit inputs  including research & project work, supplementing the  regular courses to meet the diverse learning needs of its  students and improve their employability.\n\nThe College is also an authorized training partner of  CISCO, Red Hat, and Microsoft. It provides related- training and conducts preparatory examinations leading to internationally recognized certifications from these  renowned institutions. NCIT has MOUs with the Microsoft  Innovation Center and many reputed multinational and  local companies for internships and training programmers.\n\nNCIT envisions an institutional role for itself beyond  academic boundaries. It takes the aspirations and future  success of its students as pathway to nation building.', 'data:image/png;base64,iVBORw0KGgoAAAANSUhEUgAAASoAAACpCAMAAACrt4DfAAAAe1BMVEURERH///8AAAAODg4LCwsGBgbs7OzV1dWWlpbk5OQICAj6+vo2NjbExMS0tLSjo6MiIiJJSUlQUFAVFRWioqLz8/NxcXHf39/Z2dmqqqpBQUFra2tlZWXLy8uFhYU9PT18fHxMTEwoKChYWFiKioqwsLCamprGxsYvLy8Cbkz3AAACjElEQVR4nO3Zh5KCMBSFYXPBir3jWlh11fd/wuUidqzLzDLk/x4gY87kJDEUCgAAAAAAAAAAAAAAAAAAAAAAAAAAAAAAAAAAAABgGTf9IWu19MfMAOmkm5UjIt1uL9Uxs0H6PSe1wTSmwrzhd4upDZkd0q9IOiNpTO70p+T125LLpAIjaSyqYpjTd6VszCgIA0thwMyRlfH/vKh0OdXnjYExptmRVJLPHll6pv6nsmhMMmyWwpjMoNKTlMqcOY6UTPXzyTnaulVrZCLjYU6bF5GG+bh/tTCmSWXm7XOKmpfuj8sUWYdzHH4wQ23dLog2p0gpx82LyESnuXh3q9LN6eunao7KuW6eciSabvuNWUabU7c/Nmeai7yeeSfi60y93qtRuXolWB83p7h5ku/mRfb1M2b5SlS6OS2DRslc0OblfUEpiWvUeboqdHOa+lVzJedn3olM4xk//geoV4LvTfk6pvC26VoSVBjVYZXcv4Lq5rRbb72bnMz4K+9n3pnjojImSMpKN6d2/H/lpnkTaxaUktlp6vXrievmtPJHSTHl/7Z5zW2fzd7rnj0v6c2pUykntE6VbWrenswvK1WXg/gxJZENt80bsr3u1dbfbPzGODGiuHmSy7fNJxy5u3Lu0OZZt6CUu3wvKMvOvHPSeSOnUqVgbVDRi/o7zbPszLvwclR65v33j/1fxfqrzbPwzLv0ygloe/MObu5VSc2z8nJw4/FmZelt8w79rPWgeSyoE/1YmsSz+LZ5T9G5eQEOF1Rgw1eFt9WkdZXTuk3zkjlSiN+lvMGsNRXuBg/o43l7MdlFD1Wsp2fcYtElJQAAAAAAAAAAAAAAAAAAAAAAAAAAAAAAAAAAAABnfgF1AxYyGda22QAAAABJRU5ErkJggg==', '5000-10000', '', 'first come first serve', 'bugs repeated , outside of the valid website', 'user should not harm the internal system', '2023-08-04 14:04:46'),
(10, 'DELL', 'dell', '51a32d722dd3b81772a68c7449d5e62d', 'dell@gmail.com', '077986564', 'pokhara', 'dell.com', 'tech', 'Nepal College of Information  Technology – NCIT, established in 2001, runs Pokhara University-affiliated Bachelor’s and Master’s programs – BE, BBA, BCA, ME, MSc & MCIS. Our  Engineering Degrees are approved by  the Nepal Engineering Council. It has  produced over a thousand engineers  since its establishment.\n\n \n\nNCIT, a pioneer private institution  providing engineering education in  Nepal, is renowned for  excellence in  teaching & research, while maintaining  close and mutually beneficial links  with various sectors. The College  provides excellent higher education  opportunities and nurtures individual  talent using an applicable knowledge  base that fully supports ongoing social  changes and economic advances.\n\nThe institution is committed to providing quality education  in various engineering disciplines keeping in mind  emerging professional needs. Our highly qualified and  experienced faculty is fully dedicated to their teaching. We  have a state-of-the-art infrastructure to foster academic  excellence. Moreover, we provide vital non-credit inputs  including research & project work, supplementing the  regular courses to meet the diverse learning needs of its  students and improve their employability.\n\nThe College is also an authorized training partner of  CISCO, Red Hat, and Microsoft. It provides related- training and conducts preparatory examinations leading to internationally recognized certifications from these  renowned institutions. NCIT has MOUs with the Microsoft  Innovation Center and many reputed multinational and  local companies for internships and training programmers.\n\nNCIT envisions an institutional role for itself beyond  academic boundaries. It takes the aspirations and future  success of its students as pathway to nation building.', 'data:image/png;base64,iVBORw0KGgoAAAANSUhEUgAAAOEAAADhCAMAAAAJbSJIAAAAaVBMVEX///8AfbgAebYAe7cAdrUAc7MAd7UAdLQAcbJrp81HlMS0z+Nyq89Ynch6rtK40+alyN/z+Pvg7PSDs9TT5O8hhbzs9PmtzOLP4e7n8feRu9hkosuKt9ZVm8fF2+pLlsU7j8Gcwtwrib51DXJEAAAO2ElEQVR4nOVdC7eqLBA9AiJZpzIze5zM+v8/8movhwHfoNbd61t3favTgy0wbIaZ4ednOOwOmwcOu2DAn7WNYLtahyc/okwI9wUhGI38U7hebT+a63YdXqjrMs4JdagjI3uFcs5cl/jL9Qfy3MTLSHgsp1YHSgnzRLSIN2M3ujEO85MjGKmlJoMwQU/xYezG12P/F2Xs6ntO35tMROF+bApVSJbc5Z3IFeAeWyZjE9FjG1K3Y+ehriQeCbdj01Gwvglugt6TJBe39ZTs62aRrW/G6D1JMjGbSkcmvmhrOJuBiHQ1NrkM88htyo/mqzy9/9v0E14Uj8wvdmqHZ7aic8Zc4WXzNLqlaXqLsnnmCfcuCGq5Mjomx7nDqsnlasVJF8c42SKxHew2SXxc+E6mfKotMGXOWByTyKsil3XTbRnXKs5gGy/TvIMraHrRGCvkxhelbaLZwn++trGE2+svccuXGyr8wVVrWGo/M4GZHrvY+e01LV90iFga51CFFSkRZxm9c9x9qQ7mv6WanfC5QQbV2F1c/aPm4tKD3hPzi9A/Pur6OxPNr8daz494ztHM5md3LVljqbs28gPVCC5aC0rE2aS9S876jvR862p15Wk6MLOdS9N718PS09lW6loWcgvdEsG9PxtPNjgyHUcxs/BbLxwizdAh7tHayMk4ah5oZM3XsdJ0IHFDqzMj1NgcKiyN1FBofutk24DvZprnKkIbP3VRVDb1bkPsUbc31bqxi/Gf2alTkHhDrE45Yk8ZqjwyPHg2ilWj4nc4R0pwUoYq5Ua1eOIqHciHdTAkXOlGYVBizJUn6J6H9oQFv/gpU2FMiq+xEaVijF13rDxnYcgQXDFBHo1ziKIKDnE18b0KQfdk4ms7YYbbIo79vxQTpGaeW0es8Ujt3xo8Bykb92xoi5etvnNxjggS0wtta+witGz0s6gJIshTQ+3sAx/Zmz7r4gb5K9ivuXb2wElWyNTtbNp36GF5NveebbBAiz/vOnUiuQddK1uWTghlijTq9jUXuQvdP7Ot7IU/2UDwTpupkE2XYEZR7kXWYXyt5KfkTWeIPoAGanvHxkEmyBY2WtkLC3mMibbuKdnK8GksEzJOkp1oa21m0qeJb6eNPeFL6oa3WsvkSdjVGFuHPNDaTMVAcm5RNrYWLcNOOm6kbnO/w0V+NtONNNvKY63xZFpLp0uDnGh1hby5a+re3EkrTbsJPDhkg+o2m0/SGJ2slXlBsja0kXpbSV3YeiEdGrI0aXS6KMXvuGMHXdUjhj1Cef0HlnBgk7P9FvbGGS78pDYoZSOkJzKlGM8yBJJzStRt+CUlZOsk0jAkBVanMCXXE5mi3tbhV+qWascUtL2UfcIYzRFA9Va9vs2hmhnsALQ/JBXmVTlQwfscehusgf1xk5R0+ftiuG0WU4kjbwJJgrPyRRw+BzLeCVMXnKTdcNm7pC5sKGKnAmm7UNqJ0JCSqfnW6hCCTiwzp1I4gjds+/ojgK139WuiD7qQGzhbHRhHIKj1u32oSKn3KYt9gUBaCHTqdAEG8gd24c/PH+hEovNgwxXlA7sQzUShMliDTubDRv6bAhyFTJWcUPdM3nWhh2RJFM0JZc9H7Ox1uIBOVERnCKapN9E83FokYIvBsWSREqtGaZ4JAA6Uyn+CeuYjl4oH4KqPdM0SjuDPtDM5oPMUed2Au4qYD6EeDkB5yq7TPRikFfvH6QNuAF14ZgYFj0YNfA4CMEw5jB6JvmAxfAAuiWCXCCeo+UE6aEAxHKbAZEovmx6kazHkqNjpOwu4cWhq+CdPwmYqlgqgr4EzDQgaw8v97pbbMGupWBocQW+9ZQ3U5K5RL2nySlu2k4qlwx5o0/dOH0xDdMK4n2ux2jcbdsci7pzp01sT9M16M4ffVRn3DGzKeyKCnSNaK2aCaeEJ5tfn3J/haQKhuvdfXPmLhfaL0kbven0lYPMSbmA15HJw/6K8bAklrlOZPKrkf+ii6n9R5L3eienL76KkiuG1+Nm33xRMQ09+0BUM78+jYnopCaeUacyNBYbSRHy8tFVfasgw40hKrKSScEq0S4YFhpoOAz4ovBrWMszzZDU/EuCMgbJUIhsMweHE09SA6AscyVDPMM/zUmbjlqDPgVQiuc9tMASNfroyfIVzK4aZlUTHVGo2H39tZAJfSMEBNhiugal57HWBovFQGGIjhpl2kHpRSTBj6evvW0pkDWeDITA1D1UDXcVYdjdjmFmR4iMPnQZRVJZ5dC7UcDYYQvF9DzndFgwp9rI1ZOjwtx1R83WLfNN35xaLjA2GMG7tLkJX5aa0McN3bNERr4LEeWnDAHTuW8NZYZgCw5K3C0xM5cSmMcOnnj3jyi5FZYC9lFP/0nBWGM6AMc11FPB2K1snzJDcZaGu4kj+UUWnUfF2lVyV5M/YGkPgdbovF4Cx4sFADMlylSH+89UqkNT7WeHaQ7Rwymo6N7DGEEiY+yYYLof4wAIxfB9ZBUelXhVNMYlCp5V3rhWGCbAs+XE32Fko298yhhnHFC8KSlGCt31V6hJR77VeWGEIhXZ+yAYWfIFjaMoZShZLA6DTQjwFOehc9DEjDA9o/QN7YuVwu4phUFXukACdhqu+uG/dlihVw4wwhBqG/UibDYbfW8VQOhdHkHWa3Lyic//U2jpGGMJOE5LGwUduNQx/ShkSpNPgn4p8frWkjymGYHRlOhQP2hYMT2XD9F3ZRRHh/Pbq3A3uXIMMgdUTh58NGLRKOFg1w6u++p/zEtsaEf4WTbFadMogwwLuBjJU4xeqGa6qJ+K+QoQv9AQNMYQLYC+GSUUFWkoVO0LoW4SnZZ+0zTA1xzDT4uiFwiesdq5hhuDsol8fViwXKoo9oSLCjTM0NkqXTfdWUkHHk1JVaziGbW1pY36STqt8LDZsaff1MKkoBY3afS4+U13A2wxDILXdQw9Nc6tubPG1RTEnjU6zwZDIm4muunTZ0M5Qp1ynKRtpG7r0B4y1NnuLsMpgSHgdbWwcVYSf0EtW9had9of7G+4OWlYA+6XhlIJylCXKDlgZRV0YYtPSYo9PjrvDYbNd/UVqOWixW5YosYeGU/56r16JGZLVSj7tTTQMHbpCkF31cI8f/bTy0zgkv47K05W+JTNdecV3kyJ1H3x3cmCGDjpsfkSqYIbKu+RESeynOTX3tVXgPsCVmVb8UknJQ4Uh/txJyxAB5WhhX1sbf2kp2HPjrtvV6hpOnvPBCkPsLzXh8y40e+2Kl6NwclhhiH3eJs4tQM636l1SAK45sMIQn1v0P3uiUlx8jfKUC6taYYjPnvqfH+LyLkq1WKk1DoxVtMFQOT/sewZMuBIKVLEDRGWqbTBUzoB7nuOzmybZtGwXDw6j7DGE5/iPLL0+sRgEN/mJQHGz3X9QyXy0wRDGYjz4wHgatMuvYUjEpTQAWHGVaoOGbDAEu7qnkO4YE0WZOFUF7ykeUVdThMIGQ00QW3lc28wjGvD7/aG/dVfKyEcW+vrDZ6b7gQKPiqk+r3kXZKiJa6uITVwvlhqEx+uqUXg6kNvFYZSE46wGdx0ZnqrfdIKthp74l+MJ+MwM5yK84/d4OlgWByjI81ah5THCvfGMwRQDFpbUxQjbi/N+HuEPWaReG+dtMVY/w69whqwhAhL0gO/QZr5FNvUHTaTS51tYzZkZFiU5M3bzngZFSd7T9+eu/Qf5h9+fQ/r9ecD/QS63VI3gO/LxcWWIr6+p8B/Uxfj+2ibfX59GCo6pL+Q6SdTUGJLqRLWobj4d1NWJgic2suD5FEi1vnRVyOV6bYO3rzfq67V9Vc29VPuW1ffUTfRKcndhasDn1b6EByVlpYQ/un5psyK0UJx+cA1aNT7vje+vI/z9taB/4k+t5w0Hn1fphvnQmuwwLrfmzpHvr6v//XcjfOT9FtKtT7X3W8gpBh+x2295R8l/cM8MvitonAuqm0OaVo7b6OrcT77vqdm9ZOjOrmnr0053duF718a8h7sOa6k3mqswOQZpwnfn7TvenZftl6XB/SH3H7byEH79HZbKPaSppSb2Q9rjHtKPuEv2t9ddsv/BfcDTv9NZzu/ssg3C93JPi6KBe7nVu9WnRNHI3erY2kyJIkrv7Lyc7VC8vTeVa2UXKMead5YkG5TDxKaxaPzKFoL22eElKN6ep8aa2R24QlWd66kac0SRRGNr1B1OHBONNr3lwEWCKBt3p7FnKPdCV524Ha6YojZvYiisldJ9BlqDKZYVzB0CStUQYeSsWqFIonHcUxtcus9ID+ZQq+b2H/ydmlGSEG4AaqK9exnaGx6c8Qilfa0oRKLkvRJd/XGLWCmlKHuugxgbtZynOA/XjcGvMoooN2wMdsosd8hgfsa1p3QgtyA9NOUSWDTE8r+94VVeSZg2BKVUfj5Uf20Hau5OmsRwWxeCKNcd5ENVLG1OxyB01URdi5e6KNVy7zPC/bPFMThq+Fm+mGehqyXAPSscgz9dIRxHWN6HKzWBH2PVXZgWcoelq0/pt74OBxdtmTYiLiYX4OQitInynv5CHsNY6+uzEM85mpkgh6OjLoCPDhxID+8ueo6UC78uSb8WQewLfdUw6vrDORhWZaXLKBOXuHs7gvgsVAH6HCPcoNBugFA/T/KWMJEeu2id7TEtpZevu8Y51GDjlxehodzl52sbltvrOftM+RcKf4xNdxJVFL+khHvitljv6+ZlsI+XN+HxqvrnXjRWJtbcqS5eRgnzBE1nxzjZHmSqwW6bxMdFSoXHqsjlU9sZM2wpdlTdj1tICclvavOyQRjdbuntFmXD2BMuY4QoleoUMDp2WNY80mnHEq7Zf/T+b9NPeNHY/HIkfqld7Qci0qmEf25monawtkW2ss4mFUu/vqk3s/Sgx8VtPbnY1k1I3Wqr2JQe8Ug4qe4rsF9WLdvNkH3DYtJ5yPu/SNQscOWdl8296G+6UXRvHOYnpz3LTM7SU/w5CcibeBllaqVSi717jmd6IFrEU49G1mAbhxfquoznRBWfdU4tr/tG/eV6Ozm72QLBdrUOZ5ebw4QQ7gPZ/zEn8k/hevXR3BTsDpsHDkMGA/wD7h/MFGZXTasAAAAASUVORK5CYII=', '100000-500000', '', 'first come first serve', 'bugs repeated , outside the valid website', 'user should not harm the internal system', '2023-08-04 14:07:18'),
(11, 'Wellway Enterprises', 'wellway', '2ac4c3218d6ba5e480c67a34fefa7b09', 'wellway@gmail.com', '9876543201', 'Kathmandu, Nepal', 'www.wellwayenterprises.com', 'Import & Export', 'A robust integrated online service marketplace to connect service consumers for their service need with professionally qualified service providers in revolutionary reduced price with excellent customer service.\r\n\r\nWe consult on investments, create business plans from scratch, assist in strategic planning, governance, property management and many other matters one might need when he wants his business to prosper and there’s still the matter of time and finance. We make your business profits a sure thing! Bound To Give You Prosperity & Confidence in the Future.', 'https://wellwayenterprises.org/uploads/siteSetting/Sun-09-54-19-325780451-.jpg', '100-200', '', 'first come first serve', 'repeated bugs, bugs outside of company url', 'users must not affect the internal systems', '2023-08-04 21:47:36');

-- --------------------------------------------------------

--
-- Table structure for table `report`
--

CREATE TABLE `report` (
  `reportid` int(11) NOT NULL,
  `id` int(11) NOT NULL,
  `uid` int(11) NOT NULL,
  `title` varchar(100) NOT NULL,
  `target` varchar(100) NOT NULL,
  `severity` varchar(10) NOT NULL,
  `type` text NOT NULL,
  `url` varchar(50) NOT NULL,
  `description` text DEFAULT NULL,
  `attachmment` varchar(100) DEFAULT NULL,
  `reporttime` datetime DEFAULT current_timestamp(),
  `reward` int(11) DEFAULT 0,
  `status` varchar(255) DEFAULT 'Pending'
) ENGINE=InnoDB DEFAULT CHARSET=utf8mb4 COLLATE=utf8mb4_general_ci;

--
-- Dumping data for table `report`
--

INSERT INTO `report` (`reportid`, `id`, `uid`, `title`, `target`, `severity`, `type`, `url`, `description`, `attachmment`, `reporttime`, `reward`, `status`) VALUES
(12, 1, 3, 'Nischal Test Report', 'www.ncit.edu.np', 'medium', 'Test vulnerability', 'ncit.com.np', 'test', 'null', '2023-08-04 14:29:34', 100, 'disclose'),
(13, 4, 4, 'xss  in your website', 'solti.com', 'high', 'xss', 'solti.com', 'test', 'null', '2023-08-04 14:34:36', 1000, 'disclose'),
(14, 5, 5, 'sql injection', 'surya.com', 'low', 'sql injection', 'test.com', 'test\r\n', 'null', '2023-08-04 14:37:03', 2000, 'disclose'),
(15, 6, 6, 'test', 'oasis.com', 'medium', 'test', 'est', 'test', 'null', '2023-08-04 14:38:10', 0, 'Pending'),
(16, 7, 7, 'test', 'united.com', 'high', 'test', 'test', 'test', 'null', '2023-08-04 14:39:08', 0, 'Pending'),
(17, 10, 8, 'test', 'dell.com', 'medium', 'test', 'test', 'test', 'null', '2023-08-04 14:39:54', 0, 'Pending'),
(18, 5, 9, 'test', 'surya.com', 'high', 'test', 'test', 'test', 'null', '2023-08-04 14:40:41', 20000, 'disclose'),
(19, 8, 10, 'test', 'infosis.com', 'medium', 'test', 'test', 'test', 'null', '2023-08-04 14:42:16', 0, 'Pending'),
(20, 2, 11, 'test', 'ncell.com', 'high', 'test', 'test', 'test', 'null', '2023-08-04 14:43:05', 0, 'Pending'),
(21, 9, 12, 'test', 'nike.com', 'high', 'test', 'test', 'test', 'null', '2023-08-04 14:43:51', 1000, 'disclose'),
(22, 5, 12, 'test2', 'surya.com', 'high', 'test2', 'test2.com', 'test2', 'null', '2023-08-04 20:37:54', 100, 'solved'),
(23, 11, 12, 'test', 'www.wellwayenterprises.com', 'high', 'test', 'test', 'hello', 'null', '2023-08-04 21:49:01', 100, 'disclose'),
(24, 2, 3, 'Test report 2', 'ncell.com', 'medium', 'test report 2', 'hello', 'hello there', 'null', '2023-08-05 10:15:19', 1000000, 'disclose'),
(25, 4, 13, 'National Katwal report', 'solti.com', 'medium', 'national', 'national', 'national', 'null', '2023-08-05 10:21:07', 9999999, 'disclose'),
(26, 2, 3, 'Miraj', 'ncell.com', 'medium', 'test test test testtest test test testtest test test testtest test test testtest test test testtest test test testtest test test testtest test test testtest test test testtest test test testtest test test testtest test test testtest test test testtest test test testtest test test testtest test test test', 'https://www.nischaldhakal.com.np', 'haello', 'null', '2023-08-05 12:00:07', 100, 'solved'),
(27, 1, 3, 'Test  report on ncit', 'www.ncit.edu.np', 'medium', 'test', 'nischaldhakal.com.np', 'test report on ncit', 'null', '2023-08-05 14:40:36', 0, 'Pending');

-- --------------------------------------------------------

--
-- Table structure for table `users`
--

CREATE TABLE `users` (
  `uid` int(11) NOT NULL,
  `ufullname` varchar(50) NOT NULL,
  `uusername` varchar(50) NOT NULL,
  `upassword` varchar(50) NOT NULL,
  `uemail` varchar(50) NOT NULL,
  `ucontact` varchar(50) NOT NULL,
  `ugender` varchar(50) NOT NULL,
  `utimestamp` datetime DEFAULT current_timestamp()
) ENGINE=InnoDB DEFAULT CHARSET=utf8mb4 COLLATE=utf8mb4_general_ci;

--
-- Dumping data for table `users`
--

INSERT INTO `users` (`uid`, `ufullname`, `uusername`, `upassword`, `uemail`, `ucontact`, `ugender`, `utimestamp`) VALUES
(3, 'Nischal Dhakal', 'dnischal', 'nischal', 'nischal@gmail.com', '9862405060', 'male', '2023-08-04 14:20:14'),
(4, 'Pasang Tengin Lama', 'pasang', 'pasang', 'pasang@gmail.com', '9876543210', 'male', '2023-08-04 14:21:45'),
(5, 'Amish Baraily', 'amish', 'amish', 'amish@gmail.com', '9876543201', 'male', '2023-08-04 14:22:35'),
(6, 'Ajay Shankar Singh', 'ajay', 'ajay', 'ajay@gmail.com', '9867542310', 'male', '2023-08-04 14:23:16'),
(7, 'Utsav Manandhar', 'utsav', 'utsav', 'utsav@gmail.com', '9856723410', 'male', '2023-08-04 14:24:02'),
(8, 'Krinjal Poudel', 'krinjal', 'krinjal', 'krinjal@gmail.com', '9845670123', 'male', '2023-08-04 14:25:32'),
(9, 'Ukesh Shrestha', 'ukesh', 'ukesh', 'ukesh@gmail.com', '9786543102', 'male', '2023-08-04 14:26:14'),
(10, 'Karan Rai', 'karan', 'karan', 'karan@gmail.com', '9870123456', 'male', '2023-08-04 14:26:46'),
(11, 'Jigmet Lama', 'jigmet', 'jigmet', 'jigmet@gmail.com', '9876501234', 'male', '2023-08-04 14:27:30'),
(12, 'Hashik Tamang', 'hashik', 'hashik', 'hashik@gmail.com', '9856712340', 'male', '2023-08-04 14:28:14'),
(13, 'National Katwal', 'national', 'national', 'national@gmail.com', '9876524310', 'male', '2023-08-05 10:20:11');

--
-- Indexes for dumped tables
--

--
-- Indexes for table `admin`
--
ALTER TABLE `admin`
  ADD PRIMARY KEY (`aid`);

--
-- Indexes for table `company`
--
ALTER TABLE `company`
  ADD PRIMARY KEY (`id`);

--
-- Indexes for table `report`
--
ALTER TABLE `report`
  ADD PRIMARY KEY (`reportid`);

--
-- Indexes for table `users`
--
ALTER TABLE `users`
  ADD PRIMARY KEY (`uid`);

--
-- AUTO_INCREMENT for dumped tables
--

--
-- AUTO_INCREMENT for table `admin`
--
ALTER TABLE `admin`
  MODIFY `aid` int(11) NOT NULL AUTO_INCREMENT, AUTO_INCREMENT=2;

--
-- AUTO_INCREMENT for table `company`
--
ALTER TABLE `company`
  MODIFY `id` int(11) NOT NULL AUTO_INCREMENT, AUTO_INCREMENT=12;

--
-- AUTO_INCREMENT for table `report`
--
ALTER TABLE `report`
  MODIFY `reportid` int(11) NOT NULL AUTO_INCREMENT, AUTO_INCREMENT=28;

--
-- AUTO_INCREMENT for table `users`
--
ALTER TABLE `users`
  MODIFY `uid` int(11) NOT NULL AUTO_INCREMENT, AUTO_INCREMENT=14;
COMMIT;

/*!40101 SET CHARACTER_SET_CLIENT=@OLD_CHARACTER_SET_CLIENT */;
/*!40101 SET CHARACTER_SET_RESULTS=@OLD_CHARACTER_SET_RESULTS */;
/*!40101 SET COLLATION_CONNECTION=@OLD_COLLATION_CONNECTION */;
